BEGIN;

-- COORDINATORS
INSERT INTO coordinators (id, name, phone, email, city) VALUES
  ('8f2c76ef-a2e1-4c17-a5f8-cbdea424fc08', 'יהושע וייץ', '0583249554', 'y0583249554@gmail.com', 'בני ברק'),
  ('7fe5881e-5b24-4ad7-a62d-95e023557f54', 'בונם פיגה', '0548498754', 'lf0548498654@gmail.com', 'בני ברק'),
  ('7596fc91-bb9e-4893-b0b7-ea1cfb5f3d08', 'בנימין חדש', '0548517780', '5793986@gmail.com', NULL),
  ('a9d3f0f5-4e3b-4c4e-8929-cac0182e3460', 'משה גוטפריינד', '0556723747', 'bm6006363@gmail.com', 'בני ברק'),
  ('1425cc1b-1d3f-47e1-89b1-81910b3b1de5', 'יוסף גלבשטיין', '0533110944', 'ch0533113216@gmail.com', 'אלעד'),
  ('344de510-9a68-41e3-8b2a-4917249eded5', 'משה טויב', '0504169204', '9990474@gmail.com', 'בני ברק'),
  ('b4cd65cf-6e2e-4a5a-8e98-39a144f33742', 'שמעון ולס', '0548528997', 'sv8528997@gmail.com', 'בני ברק'),
  ('a38e0dff-7fa8-4637-83e0-06367db01f99', 'מרדכי אברהם שנור', '0548403124', 's31351643@gmail.com', 'ביתר'),
  ('2d399d0a-6b28-4690-be1c-7133067fa71b', 'יצחק אייזנבך', '0527130473', 'h0527130473@gmail.com', 'בית שמש'),
  ('da90f33c-350e-4b85-a51c-6fb7ee4008d8', 'שמואל צבי גנץ', '0527603227', 'z7603227@gmail.com', 'אלעד'),
  ('3f9775b4-4c57-481a-9f45-1bd6fe6a7058', 'ישראל רוזנבוים', '0548525021', 'irv4958@gmail.com', NULL),
  ('1bb4bf07-24f9-4cda-9a53-437cb4517a35', 'אריה גלבשטיין', '0527639783', 'g48412590@gmail.com', 'ביתר'),
  ('317570da-ff90-405b-9166-da11db38de00', 'חיים מרדכי אייזנבך', '0504115277', 'r0556769464@gmail.com', 'בני ברק'),
  ('c3377b12-8bc5-417b-a3d3-033aab0e523d', 'שלמה לנדמן', '0504171246', '4171246@gmail.com', 'בני ברק');

-- GROUPS
INSERT INTO groups (id, name, group_number) VALUES
  ('52889dcc-827d-4b20-a9d0-982c22e4b49f', 'ישיבה גדולה', 1),
  ('3c1ffd72-3486-436c-9a79-e7408d911daa', 'ישיבה קטנה', 2),
  ('89791420-28be-46c7-b97e-ff45b0e0a057', 'קיבוץ', 3);

-- EXAMS
INSERT INTO exams (id, parasha, exam_date) VALUES
  ('6f652691-019c-4c5c-8ca3-2526a70f1cc1', 'ויישב', '2025-12-23'),
  ('49a4aa8b-9615-4a83-800a-b669bfce9c00', 'צו', '2026-03-26'),
  ('e9561a44-6bd6-43ad-ae99-34e40129ca74', 'וארא', '2026-01-16'),
  ('e16bdc7a-ddd7-4f96-bb94-f3e6fadfe4b5', 'שמיני', '2026-04-09'),
  ('eb145a24-53b1-4054-bb73-95332b8cd25f', 'נשא', '2026-05-21'),
  ('f514be83-9be8-445b-8e38-c87574c36afb', 'אחרי מות-קדושים', '2026-04-23'),
  ('d9bf5fa2-d9eb-4868-b84a-1e028ae2518e', 'ויקרא', '2026-03-19'),
  ('c94c3756-d7ef-4c9f-a0c8-a88adb496b74', 'ויישלח', '2025-12-16'),
  ('98683b54-6416-4b4b-bbe3-e0d8c0516327', 'תולדות', '2025-12-02'),
  ('f77aba45-bfb2-497b-b44c-d9b5c70065d9', 'יתרו', '2026-02-05'),
  ('83b4ca46-5a4d-49e7-a75c-53c55cb59a12', 'במדבר', '2026-05-14'),
  ('dfab1d06-3162-4c44-99fb-645891eeb888', 'מצורע', '2026-04-16'),
  ('4110bba4-af77-4c77-8bc6-4dcab523e65e', 'כי תשא', '2026-03-05'),
  ('cd9aaf43-a074-42a3-9934-e4a11b189c3d', 'בשלח', '2026-01-29'),
  ('4a8b7694-7f01-4d8f-8a77-85d6ad0c52e1', 'ויקהל-פקודי', '2026-03-12'),
  ('929314db-2b00-45c5-9e38-63d2ae09813f', 'ויגש', '2025-12-27'),
  ('df95f410-5065-4ce9-a525-027bba75a125', 'שמות', '2026-01-09'),
  ('d8b124b1-2349-4865-8cb8-8a46afd65756', 'משפטים, שבת שקלים', '2026-02-12'),
  ('27c32b13-3d01-47d2-bc7c-88fc104b6457', 'אמור', '2026-04-30'),
  ('03858b4e-106d-486a-a84c-14a3b6bb2b65', 'בא', '2026-01-21'),
  ('174afe2e-e32b-4634-87ec-8434e0c1ee9f', 'ויצא', '2025-12-09'),
  ('afeaf4ec-5c74-427d-bd94-7a075bc4f2b2', 'תצוה', '2026-02-26'),
  ('3507abdc-5614-4299-b36b-0126da62add5', 'צו, שבת הגדול', '2026-04-02'),
  ('64d5990d-2d2f-4a56-9333-f68f2d406636', 'תרומה', '2026-02-19'),
  ('67b40939-8181-49d7-a9d9-de613c92ce48', 'בהר בחוקותי', '2026-05-07'),
  ('f61f2a10-891a-4bef-8d72-cb6d56cae8a6', 'ויחי', '2026-01-02');

-- STUDENTS
-- 252 students (0 skipped)
INSERT INTO students (id, first_name, last_name, city, street, birth_date, phone, father_name, yeshiva, track, coordinator_id, group_id, nedarim_id, id_number) VALUES
  ('a0a64c17-28b9-48c8-bccc-8ce9b577b3d0', 'אפרים פישל', 'צביון', 'בני ברק', 'כהנמן 145', NULL, NULL, 'יעקב ישראל', 'נדבורנה', 'שלימות התפילה', '344de510-9a68-41e3-8b2a-4917249eded5', '52889dcc-827d-4b20-a9d0-982c22e4b49f', 229427, NULL),
  ('8015a96d-84fa-41a9-9247-d1836d9c6aaf', 'דוד', 'טאובר', 'אלעד', NULL, NULL, NULL, NULL, 'אורייתא', NULL, '1425cc1b-1d3f-47e1-89b1-81910b3b1de5', '89791420-28be-46c7-b97e-ff45b0e0a057', NULL, NULL),
  ('650ba881-20cd-45b7-a848-daf61be7e92a', 'מרדכי', 'אונגר בר משה', 'בני ברק', 'גינות דוד 14', NULL, NULL, 'משה דוד', 'נדבורנה', 'שלימות התפילה', 'b4cd65cf-6e2e-4a5a-8e98-39a144f33742', '52889dcc-827d-4b20-a9d0-982c22e4b49f', 239636, NULL),
  ('b5759a67-5621-4f88-b65c-9fe7128b6e68', 'חיים מרדכי', 'גלבשטיין', 'בני ברק', 'חזון איש 62 ב', NULL, NULL, 'שלמה יעקב', 'טל תורה', 'שלימות התפילה', '8f2c76ef-a2e1-4c17-a5f8-cbdea424fc08', '3c1ffd72-3486-436c-9a79-e7408d911daa', 229449, NULL),
  ('05beb3e6-8944-4a1a-b26d-fcd585853c02', 'ראובן', 'פאלק', 'ביתר A', 'יצחק אריאלי 4', NULL, NULL, 'שמחה', 'נדבורנה', 'שלימות התפילה', '1bb4bf07-24f9-4cda-9a53-437cb4517a35', '3c1ffd72-3486-436c-9a79-e7408d911daa', NULL, NULL),
  ('a41bd66e-9e3b-4a17-96e2-7de4a46f3c19', 'יצחק', 'עקשטיין', 'אלעד', NULL, NULL, NULL, NULL, 'שבט הלוי', NULL, '7596fc91-bb9e-4893-b0b7-ea1cfb5f3d08', '52889dcc-827d-4b20-a9d0-982c22e4b49f', NULL, NULL),
  ('e9871ef5-65d2-4935-a355-969c939cc912', 'יעקב ישכר בער', 'כהן', 'בני ברק', 'דבורה הנביאה 22', NULL, NULL, 'חיים', 'נדבורנה', 'שלימות התפילה', '317570da-ff90-405b-9166-da11db38de00', '3c1ffd72-3486-436c-9a79-e7408d911daa', 288330, NULL),
  ('5cf59464-ad5b-4c76-8d50-383ff3fb022b', 'דניאל', 'לרר', 'בני ברק', NULL, NULL, NULL, NULL, 'נדבורנה', NULL, NULL, '89791420-28be-46c7-b97e-ff45b0e0a057', NULL, NULL),
  ('6e364ec5-76d8-4e74-b1c1-1a4cc99c6d18', 'שמעון', 'פולייס', 'ירושלים', NULL, NULL, NULL, NULL, 'שערי תורה', NULL, '1425cc1b-1d3f-47e1-89b1-81910b3b1de5', '89791420-28be-46c7-b97e-ff45b0e0a057', NULL, NULL),
  ('3e823b48-9867-40fa-a43a-8dbfc891ffb6', 'יחיאל יהושע', 'רוזנבוים', 'בני ברק', 'האדמור מנדבורנה 57', NULL, NULL, 'חיים מרדכי', 'נדבורנה', NULL, 'b4cd65cf-6e2e-4a5a-8e98-39a144f33742', '52889dcc-827d-4b20-a9d0-982c22e4b49f', NULL, NULL),
  ('8285fa75-6f29-49a3-8351-37583dcf11aa', 'יעקב ישראל', 'זלצר', 'בני ברק', NULL, NULL, NULL, 'חיים', 'נדבורנה', NULL, NULL, '89791420-28be-46c7-b97e-ff45b0e0a057', NULL, NULL),
  ('7fb341dc-db88-44b5-889b-48b0325e802a', 'יעקב ישכר בער', 'רוזנבוים', 'בני ברק', 'אהבת שלום 12', NULL, NULL, 'יוסף דוד', 'נדבורנה', 'שלימות התפילה', '317570da-ff90-405b-9166-da11db38de00', '3c1ffd72-3486-436c-9a79-e7408d911daa', 288363, NULL),
  ('708b2961-2a96-43ae-87df-4f938f8d03b0', 'בנימין', 'פישר', 'ירושלים', NULL, NULL, NULL, NULL, 'מיר', NULL, '1425cc1b-1d3f-47e1-89b1-81910b3b1de5', '89791420-28be-46c7-b97e-ff45b0e0a057', NULL, NULL),
  ('24836aa7-04b6-4b26-9357-0bb12485de33', 'ישראל יחזקאל', 'וולס', 'ביתר', NULL, NULL, NULL, NULL, 'נדבורנה', NULL, NULL, '89791420-28be-46c7-b97e-ff45b0e0a057', NULL, NULL),
  ('58179505-5191-4fc5-9b53-5acc4a500483', 'יהודה', 'צביון', 'ביתר B', NULL, NULL, NULL, NULL, 'נחלת אברהם', NULL, '1425cc1b-1d3f-47e1-89b1-81910b3b1de5', '89791420-28be-46c7-b97e-ff45b0e0a057', NULL, NULL),
  ('9d7c9b22-b616-434f-8078-4cdb6f0ceed2', 'פנחס', 'עקשטיין', 'ביתר A', 'חזון איש 1', NULL, NULL, 'זאב', 'עמק החכמה ביתר', 'שלימות התפילה', '1bb4bf07-24f9-4cda-9a53-437cb4517a35', '3c1ffd72-3486-436c-9a79-e7408d911daa', NULL, NULL),
  ('b57f4650-c485-451a-96a2-d43c843fe2e8', 'משה', 'פרנקל', 'ירושלים', NULL, NULL, NULL, NULL, 'אורחות התורה', NULL, '1425cc1b-1d3f-47e1-89b1-81910b3b1de5', '89791420-28be-46c7-b97e-ff45b0e0a057', NULL, NULL),
  ('7a3e6431-77cc-4d19-a7b0-23f509c65155', 'זאב', 'קאהן', 'ביתר B', NULL, NULL, NULL, NULL, 'טשעבין', NULL, '1425cc1b-1d3f-47e1-89b1-81910b3b1de5', '89791420-28be-46c7-b97e-ff45b0e0a057', NULL, NULL),
  ('99bdd988-bbca-4703-b7f0-5202ea24d314', 'ישראל אליעזר', 'עקשטיין', 'אלעד', NULL, NULL, NULL, 'יחיאל צבי בר''''ז', 'נדבורנה', 'שלימות התפילה', 'da90f33c-350e-4b85-a51c-6fb7ee4008d8', '3c1ffd72-3486-436c-9a79-e7408d911daa', NULL, NULL),
  ('f90b73b3-d44a-495b-957f-0d0db27bf0e0', 'אהרון יוסף', 'שיפר', 'צפת', NULL, NULL, NULL, NULL, 'מיר', NULL, '1425cc1b-1d3f-47e1-89b1-81910b3b1de5', '89791420-28be-46c7-b97e-ff45b0e0a057', NULL, NULL),
  ('b9265a71-ce96-416d-9a1b-2a7e02b01706', 'אברהם יצחק', 'כץ', 'בני ברק', 'מעונות ויזניץ 4', NULL, NULL, 'אנשיל', 'רחמיסטריווקא', NULL, '3f9775b4-4c57-481a-9f45-1bd6fe6a7058', '52889dcc-827d-4b20-a9d0-982c22e4b49f', 233169, NULL),
  ('0cf261e4-c23a-4770-a739-201262ee0c61', 'שיע', 'קוסטליץ', 'בני ברק', 'בעליה השניה 8', NULL, NULL, 'אברהם', NULL, NULL, '8f2c76ef-a2e1-4c17-a5f8-cbdea424fc08', '3c1ffd72-3486-436c-9a79-e7408d911daa', NULL, NULL),
  ('e9691922-450d-4dea-a7a0-5ce4811838d1', 'יעקב ישכר בער', 'אונגר', 'בני ברק', 'אדמורי שאץ 14', NULL, NULL, 'עקיבא', 'נדבורנה', 'שלימות התפילה', 'a9d3f0f5-4e3b-4c4e-8929-cac0182e3460', '89791420-28be-46c7-b97e-ff45b0e0a057', 317979, NULL),
  ('8d8b3b7a-5126-48b6-869c-dc24e4bcba6c', 'אברהם', 'וסנר', 'בני ברק', 'הרב קוק 7', NULL, NULL, 'חיים', 'נדבורנה', NULL, '8f2c76ef-a2e1-4c17-a5f8-cbdea424fc08', '3c1ffd72-3486-436c-9a79-e7408d911daa', 402539, NULL),
  ('c0ce7496-d783-4fb1-9c7d-8bc0b00a875d', 'זאב יהודה', 'ביקסנשפנר', 'אלעד', 'יהודה הנשיא 110
', NULL, NULL, 'יעקב', 'מכנובקא אלעד', NULL, 'da90f33c-350e-4b85-a51c-6fb7ee4008d8', '3c1ffd72-3486-436c-9a79-e7408d911daa', NULL, NULL),
  ('c5d90ec3-072c-453e-acfd-c357ea32d4f7', 'דוד צבי', 'גרליץ', 'ביתר B', 'ישמח ישראל 21/9', NULL, NULL, 'חיים מרדכי', 'נדבורנה', 'שלימות התפילה', 'a38e0dff-7fa8-4637-83e0-06367db01f99', '3c1ffd72-3486-436c-9a79-e7408d911daa', 232070, NULL),
  ('8253e2ea-b12a-4b32-969a-c5e72689c448', 'פנחס', 'גרין', 'אלעד', 'יוחנן בן זכאי 85/10
', NULL, NULL, NULL, 'מכנובקא אלעד', NULL, 'da90f33c-350e-4b85-a51c-6fb7ee4008d8', '3c1ffd72-3486-436c-9a79-e7408d911daa', NULL, NULL),
  ('02260e17-09d0-4d71-8a14-8337105212a4', 'אפרים', 'גרשטנקורן', 'בני ברק', 'יהודית 3', NULL, NULL, 'שמעון', 'נדבורנה', NULL, '344de510-9a68-41e3-8b2a-4917249eded5', '52889dcc-827d-4b20-a9d0-982c22e4b49f', 233691, NULL),
  ('6c504e75-71d3-4356-b654-174e52db18a3', 'מאיר', 'עקשטיין', 'בני ברק', 'אמרי חיים 41', NULL, NULL, 'אלחנן', NULL, 'שלימות התפילה', '8f2c76ef-a2e1-4c17-a5f8-cbdea424fc08', '3c1ffd72-3486-436c-9a79-e7408d911daa', 321058, NULL),
  ('50020138-17ce-4f53-8b5e-53508334c036', '—', 'טאובר', NULL, NULL, NULL, NULL, NULL, NULL, NULL, '7596fc91-bb9e-4893-b0b7-ea1cfb5f3d08', '52889dcc-827d-4b20-a9d0-982c22e4b49f', NULL, NULL),
  ('a1e87b1b-120a-46f5-88cd-a4d9f2ae11db', 'נפתלי צבי', 'גוטפריינד', 'בני ברק', 'עזרא 32', NULL, NULL, 'אלימלך', 'נדבורנה', NULL, '7fe5881e-5b24-4ad7-a62d-95e023557f54', '52889dcc-827d-4b20-a9d0-982c22e4b49f', NULL, NULL),
  ('e1f6bb1f-545c-4bcf-9a02-f150c9bf6f90', 'חיים מרדכי', 'עקשטיין', 'בני ברק', 'האדמור מנדבורנה 55', NULL, NULL, 'אברהם יהודה', 'נדבורנה', 'שלימות התפילה', '344de510-9a68-41e3-8b2a-4917249eded5', '52889dcc-827d-4b20-a9d0-982c22e4b49f', 230244, NULL),
  ('dabc3970-7ac9-417d-bee2-f2e133d3c950', 'אליעזר זאב', 'רוזנבוים', 'בני ברק', 'אברהם בן דוד 24', NULL, NULL, 'נפתלי מרדכי', 'נדבורנה', 'שלימות התפילה', '317570da-ff90-405b-9166-da11db38de00', '3c1ffd72-3486-436c-9a79-e7408d911daa', 241408, NULL),
  ('055d5a20-9956-4a1f-a929-cb1143e15467', 'דובי', 'אלבוים', 'מעלה עמוס', 'יונתן בן עוזיאל 424/3', NULL, NULL, 'מאיר', 'עמלה של תורה ביתר', NULL, '7596fc91-bb9e-4893-b0b7-ea1cfb5f3d08', '52889dcc-827d-4b20-a9d0-982c22e4b49f', NULL, NULL),
  ('f4ae08ef-f95b-4d71-ad73-3c915c927e58', 'לייביש בער', 'גנץ', 'בני ברק', 'רוזובסקי 8', NULL, NULL, 'יהושע', 'טל תורה', NULL, 'c3377b12-8bc5-417b-a3d3-033aab0e523d', '3c1ffd72-3486-436c-9a79-e7408d911daa', 229417, NULL),
  ('119be836-62e8-4d58-b055-11b5b43749f5', 'אלי', 'שפריי', 'ביתר B', 'קדושת לוי 24/24', NULL, NULL, 'צבי יהודה', 'נדבורנה', NULL, '344de510-9a68-41e3-8b2a-4917249eded5', '52889dcc-827d-4b20-a9d0-982c22e4b49f', 289601, NULL),
  ('fd63c213-62ae-4c86-a0ab-40ab8a251e21', 'צביקי', 'עקשטיין', 'בני ברק', 'קלישר 3
', NULL, NULL, 'אהרן', 'מאור ושמש', 'שלימות התפילה', '317570da-ff90-405b-9166-da11db38de00', '3c1ffd72-3486-436c-9a79-e7408d911daa', 229463, NULL),
  ('35e888e7-da26-48e4-b3b7-207ea85b89d8', 'יואל', 'הורוויץ', 'בני ברק', 'נחמיה 5', NULL, NULL, 'יודל', 'נדבורנה', 'שלימות התפילה', '8f2c76ef-a2e1-4c17-a5f8-cbdea424fc08', '3c1ffd72-3486-436c-9a79-e7408d911daa', 230252, NULL),
  ('290d0580-10d8-4dba-981b-9849a8789df3', 'מרדכי מנחם', 'וולנר', 'ביתר A', 'יהודה צדקה 11', NULL, NULL, 'אלימלך', 'נדבורנה', NULL, 'b4cd65cf-6e2e-4a5a-8e98-39a144f33742', '52889dcc-827d-4b20-a9d0-982c22e4b49f', NULL, NULL),
  ('3c0e5836-4f1e-40c0-9e22-9bbc35cc9714', 'אלימלך', 'רוזנבוים', 'בני ברק', 'קהילות יעקב 14', NULL, NULL, 'אהרן דוד', 'רחמיסטריווקא', NULL, '3f9775b4-4c57-481a-9f45-1bd6fe6a7058', '52889dcc-827d-4b20-a9d0-982c22e4b49f', 246104, NULL),
  ('58ae6818-42cc-488a-bf95-ca28c9ab2d49', 'משה', 'ניישלאס', 'בני ברק', 'דבורה הנביאה 1', NULL, NULL, 'יעקב יוסף', NULL, 'שלימות התפילה', '7596fc91-bb9e-4893-b0b7-ea1cfb5f3d08', '52889dcc-827d-4b20-a9d0-982c22e4b49f', 232122, NULL),
  ('409ebc90-062c-4452-9d9d-d54710bab56d', 'אלימלך', 'גרשטנוקרן', 'בני ברק', 'יהודית 3', NULL, NULL, 'שמעון', 'נדבורנה', 'שלימות התפילה', 'c3377b12-8bc5-417b-a3d3-033aab0e523d', '3c1ffd72-3486-436c-9a79-e7408d911daa', 230253, NULL),
  ('1e341d40-c108-4b0b-a0b0-34b5e4a29b74', 'חיים צבי', 'אייזנבך', 'ביתר B', 'חבד 27/8', NULL, NULL, 'מרדכי', 'נדבורנה', 'שלימות התפילה', 'a38e0dff-7fa8-4637-83e0-06367db01f99', '3c1ffd72-3486-436c-9a79-e7408d911daa', NULL, NULL),
  ('865acd40-7b16-49db-9eb5-be6a3e57577d', 'יוחנן מאיר', 'שיפר', 'צפת', NULL, NULL, NULL, NULL, 'נדבורנה', NULL, NULL, '89791420-28be-46c7-b97e-ff45b0e0a057', 241573, NULL),
  ('b1550993-561e-4a95-af35-d223f9e51b08', 'חיים', 'טייכברג', 'בני ברק', 'יהודה הנשיא 47
', NULL, NULL, 'דב', NULL, 'הבינני', '8f2c76ef-a2e1-4c17-a5f8-cbdea424fc08', NULL, 321056, NULL),
  ('90cb2139-89e3-4917-aae6-27a7cd3ed449', 'שלום מרדכי', 'שפריי', 'בני ברק', 'בעל התניא 4', NULL, NULL, 'יעקב ישרא', 'נדבורנה', 'הבינני', '7fe5881e-5b24-4ad7-a62d-95e023557f54', '52889dcc-827d-4b20-a9d0-982c22e4b49f', NULL, NULL),
  ('611cb810-95a7-4f4e-b7af-076a90d78a1f', 'אברהם חיים', 'פרנקל', 'בית שמש', NULL, NULL, NULL, NULL, 'נצח ישראל', 'שלימות התפילה', '2d399d0a-6b28-4690-be1c-7133067fa71b', '3c1ffd72-3486-436c-9a79-e7408d911daa', 317580, NULL),
  ('f2035079-a2ac-4c70-868d-89eeb239ce63', 'שלמה בצלאל', 'פרקש', 'אשדוד', NULL, NULL, NULL, NULL, 'נדבורנה', NULL, NULL, '89791420-28be-46c7-b97e-ff45b0e0a057', NULL, NULL),
  ('e8bc59fe-32eb-470f-9f9f-855413a76fed', 'אהרון צבי', 'רוזנבוים', 'בני ברק', 'האדמור מנדבורנה 57', NULL, NULL, 'חיים מרדכי', 'נדבורנה', 'שלימות התפילה', '7fe5881e-5b24-4ad7-a62d-95e023557f54', '52889dcc-827d-4b20-a9d0-982c22e4b49f', 229420, NULL),
  ('b5609ac4-9045-40ce-84c2-abdaaf3ccf7b', 'לוי יצחק', 'בורנשטיין', 'בני ברק', 'רימון 21', NULL, NULL, 'ישראל', 'פני מנחם', NULL, '3f9775b4-4c57-481a-9f45-1bd6fe6a7058', '52889dcc-827d-4b20-a9d0-982c22e4b49f', NULL, NULL),
  ('93080c47-9239-44fc-9351-3a029febb71b', 'מאיר', 'כהן', 'נתניה', NULL, NULL, NULL, NULL, 'נדבורנה', NULL, NULL, '89791420-28be-46c7-b97e-ff45b0e0a057', NULL, NULL),
  ('2be3286c-f538-47b4-b4a7-d25f90f2b8b8', 'שמואל צבי', 'טפר', 'אלעד', 'בן זכאי 45/12', NULL, NULL, 'זאב', 'נדבורנה', 'שלימות התפילה', 'da90f33c-350e-4b85-a51c-6fb7ee4008d8', '3c1ffd72-3486-436c-9a79-e7408d911daa', 231678, NULL),
  ('b8abc02a-c34a-41ee-8a7d-a78766b11d45', 'דוד', 'טרייטל', 'ביתר B', 'כנסת יחזקאל 8', NULL, NULL, 'שלמה', 'זוייעיל', NULL, 'a38e0dff-7fa8-4637-83e0-06367db01f99', '3c1ffd72-3486-436c-9a79-e7408d911daa', NULL, NULL),
  ('0c0bf055-9ffc-4515-8c8f-ff466955b3ed', 'מוטי', 'אפל', 'ביתר B', 'הרן 5', NULL, NULL, 'יחיאל', 'מאור ושמש ביתר', 'שלימות התפילה', 'a38e0dff-7fa8-4637-83e0-06367db01f99', '3c1ffd72-3486-436c-9a79-e7408d911daa', 301134, NULL),
  ('2b709adc-117e-4280-8cf0-b8bc340b4d57', 'ישראל', 'רוזנבוים', 'בני ברק', 'אמרי ברוך 6', NULL, NULL, 'שמעלקה', 'סקוירא ירושלים', 'שלימות התפילה', '8f2c76ef-a2e1-4c17-a5f8-cbdea424fc08', '3c1ffd72-3486-436c-9a79-e7408d911daa', NULL, NULL),
  ('d4a6b2d0-bc25-4258-9d92-0e9dbdf1fe83', 'משה', 'בריסק', 'בני ברק', NULL, NULL, NULL, NULL, 'נדבורנה', NULL, NULL, '89791420-28be-46c7-b97e-ff45b0e0a057', NULL, NULL),
  ('0cfa4dd6-c82a-4da2-ad45-94d9bdec614f', 'אלימלך', 'שנקר', 'ירושלים', 'קהתי פנחס 7', NULL, NULL, 'נפתלי', 'ביאלה ביתר', NULL, '7596fc91-bb9e-4893-b0b7-ea1cfb5f3d08', '52889dcc-827d-4b20-a9d0-982c22e4b49f', NULL, NULL),
  ('a76f8fb7-4638-45c5-8d15-8b5f412bcfb2', 'ראובן דוד', 'פרנקל', 'בני ברק', 'דמשק אליעזר 23', NULL, NULL, 'אפרים', 'נדבורנה', 'הבינני', '344de510-9a68-41e3-8b2a-4917249eded5', '52889dcc-827d-4b20-a9d0-982c22e4b49f', NULL, NULL),
  ('963ce5f2-d1da-44e7-901f-1956b3db2628', 'יוסף מרדכי', 'קוסטליץ', 'אלעד', 'אבן גבירול 18', NULL, NULL, 'יהודה', 'טל תורה', NULL, '7596fc91-bb9e-4893-b0b7-ea1cfb5f3d08', '52889dcc-827d-4b20-a9d0-982c22e4b49f', 229460, NULL),
  ('666e1ef4-5bdc-4dc3-a226-11d1df2f71bc', 'שלמה', 'טרייטל', 'ביתר B', 'כנסת יחזקאל 8', NULL, NULL, NULL, 'שערי תורה', NULL, '3f9775b4-4c57-481a-9f45-1bd6fe6a7058', '52889dcc-827d-4b20-a9d0-982c22e4b49f', NULL, NULL),
  ('505c7eab-587b-4450-8a18-f922eb448072', 'פנחס', 'פרנקל', 'בני ברק', 'דמשק אליעזר 23', NULL, NULL, 'אפרים', 'נדבורנה', 'שלימות התפילה', '8f2c76ef-a2e1-4c17-a5f8-cbdea424fc08', '3c1ffd72-3486-436c-9a79-e7408d911daa', 230240, NULL),
  ('bba6b926-db62-48fa-afb9-ec15b858a301', 'יעקב ישכר בער', 'שנור', 'ביתר B', 'הרן 11
', NULL, NULL, 'מרדכי אברהם', NULL, 'שלימות התפילה', 'a38e0dff-7fa8-4637-83e0-06367db01f99', NULL, 319202, NULL),
  ('a39f6100-c40d-46b3-9a2f-5340861feef5', 'משה', 'שזורי', 'בני ברק', 'אמרי חיים 1', NULL, NULL, 'חיים', 'נדבורנה', NULL, '317570da-ff90-405b-9166-da11db38de00', '3c1ffd72-3486-436c-9a79-e7408d911daa', NULL, NULL),
  ('a8e3db13-9383-4b60-a13d-11edc8f1946d', 'יוסף', 'צביון', 'ביתר B', NULL, NULL, NULL, 'שניאור זלמן', NULL, 'שלימות התפילה', 'a38e0dff-7fa8-4637-83e0-06367db01f99', NULL, 319199, NULL),
  ('c5e76422-c9a0-4dd6-903a-28632021e6d2', 'משה', 'אייזנבאך', 'בני ברק', NULL, NULL, NULL, NULL, 'נדבורנה', NULL, NULL, '89791420-28be-46c7-b97e-ff45b0e0a057', NULL, NULL),
  ('016a61a3-90dd-4373-af57-00cbd4cf1893', 'חיים מרדכי', 'עקשטיין', 'אלעד', 'יהודה הנשיא 71', NULL, NULL, 'יחיאל צבי בר''''ז', 'טשעבין', NULL, '3f9775b4-4c57-481a-9f45-1bd6fe6a7058', '52889dcc-827d-4b20-a9d0-982c22e4b49f', NULL, NULL),
  ('d40d726c-b343-447c-b534-b1e85eb8c12c', 'חמ', 'עקשטיין', 'אלעד', NULL, NULL, NULL, 'יחיאל צבי ב''''ר נתן', 'בהירות התורה', NULL, '7596fc91-bb9e-4893-b0b7-ea1cfb5f3d08', '52889dcc-827d-4b20-a9d0-982c22e4b49f', NULL, NULL),
  ('2aadf24e-15ec-48d9-9c9a-7cb32a71e64b', 'שמעון', 'גוטפריינד', 'בני ברק', 'עזרא 32', NULL, NULL, 'אלימלך', 'פרימשלאן', NULL, 'c3377b12-8bc5-417b-a3d3-033aab0e523d', '3c1ffd72-3486-436c-9a79-e7408d911daa', NULL, NULL),
  ('e1377c72-cca0-4b25-8f22-04a9a52db16b', 'אליעזר דוד', 'עקשטיין', 'בני ברק', 'קאלישר 3', NULL, NULL, 'אהרן לייב', 'נדבורנה', NULL, 'b4cd65cf-6e2e-4a5a-8e98-39a144f33742', '52889dcc-827d-4b20-a9d0-982c22e4b49f', NULL, NULL),
  ('7b502680-c270-4d8e-ac30-da79510f9808', 'דוד', 'שוורץ', 'בני ברק', 'אליהו הנביא 5', NULL, NULL, 'דב', 'מודזיץ', NULL, '317570da-ff90-405b-9166-da11db38de00', '3c1ffd72-3486-436c-9a79-e7408d911daa', 322550, NULL),
  ('ed79c80e-f57c-4055-9a6b-cdb910e36e5d', 'מנדי', 'גרליץ', 'בני ברק', 'מעונות ויזניץ 4', NULL, NULL, 'חיים', 'סערט ויזניץ', NULL, 'c3377b12-8bc5-417b-a3d3-033aab0e523d', '3c1ffd72-3486-436c-9a79-e7408d911daa', NULL, NULL),
  ('df964981-7352-457f-bc2b-1aa8ac37ec7c', 'חיים מרדכי', 'הורביץ', 'בני ברק', NULL, NULL, NULL, NULL, 'נדבורנה', NULL, NULL, '89791420-28be-46c7-b97e-ff45b0e0a057', NULL, NULL),
  ('f9ffa873-abaa-4283-a3eb-c73403074de7', 'יעקב שמואל', 'עקשטיין', 'אלעד', 'יהודה הנשיא 100', NULL, NULL, 'יחיאל צבי בר''''נ', 'קרעטשניף', NULL, 'da90f33c-350e-4b85-a51c-6fb7ee4008d8', '3c1ffd72-3486-436c-9a79-e7408d911daa', NULL, NULL),
  ('506a5519-48d9-4bb4-8150-1c16243fc3b4', 'מרדכי', 'גרליץ', 'ביתר B', NULL, NULL, NULL, 'מאיר', 'עמק החכמה', NULL, '7596fc91-bb9e-4893-b0b7-ea1cfb5f3d08', '52889dcc-827d-4b20-a9d0-982c22e4b49f', NULL, NULL),
  ('3d50d618-0869-484f-a7ac-54c6320bf363', 'יוסף', 'ליפשיץ', 'בני ברק', NULL, NULL, NULL, NULL, 'נדבורנה', NULL, NULL, '89791420-28be-46c7-b97e-ff45b0e0a057', NULL, NULL),
  ('0720ca8b-d397-4a63-8a3b-8ccfb9b494af', 'ישראל מרדכי', 'אשר', 'ביתר A', 'הרבי מנדבורנה 16', NULL, NULL, 'פנחס משה', 'עיון התורה', 'שלימות התפילה', '1bb4bf07-24f9-4cda-9a53-437cb4517a35', '3c1ffd72-3486-436c-9a79-e7408d911daa', 229431, NULL),
  ('93bc08bf-c1e2-4b88-95e1-a3a37fbafa7c', 'הערשי', 'קליין', 'בני ברק', 'גרוסברד 3', NULL, NULL, 'חיים מרדכי', 'מכנובקא', NULL, 'b4cd65cf-6e2e-4a5a-8e98-39a144f33742', '89791420-28be-46c7-b97e-ff45b0e0a057', 239651, NULL),
  ('e24cf05c-b47b-45d6-8d8a-4491e00ca02a', 'אלימלך', 'פאלק', 'ביתר A', NULL, NULL, NULL, NULL, 'עמק החמכמה', NULL, '1bb4bf07-24f9-4cda-9a53-437cb4517a35', '3c1ffd72-3486-436c-9a79-e7408d911daa', NULL, NULL),
  ('7c33b82b-285a-4560-bcfb-a9b94b1e1c8b', 'שמואל צבי', 'אלבוים', 'בני ברק', 'האדמור מגור 4', NULL, NULL, 'מנחם', 'נדבורנה', 'שלימות התפילה', '7fe5881e-5b24-4ad7-a62d-95e023557f54', '52889dcc-827d-4b20-a9d0-982c22e4b49f', NULL, NULL),
  ('826875c4-dd51-4341-97e1-1e16ebf621c0', 'אברהם', 'אייזנבאך', 'מודיעין עלית', 'יהודה הנשיא 12/18', '2022-12-09', NULL, 'מאיר', 'נדבורנה', 'שלימות התפילה', '7fe5881e-5b24-4ad7-a62d-95e023557f54', '52889dcc-827d-4b20-a9d0-982c22e4b49f', 230254, NULL),
  ('476e03bb-f26e-4d06-b0be-5130c07182d9', 'יהושע', 'קלפנר', 'בני ברק', 'עוזיאל 36', NULL, NULL, 'מרדכי', 'נדבורנה', 'שלימות התפילה', '317570da-ff90-405b-9166-da11db38de00', '3c1ffd72-3486-436c-9a79-e7408d911daa', 289361, NULL),
  ('b952b8e3-88a8-492f-926a-7b736393481e', 'אליעזר', 'אלבוים', 'בני ברק', 'האדמור מגור 4', NULL, NULL, 'מנחם', 'מיר', NULL, '1425cc1b-1d3f-47e1-89b1-81910b3b1de5', '89791420-28be-46c7-b97e-ff45b0e0a057', NULL, NULL),
  ('3ac902a8-4c89-4ff2-b17f-dc2e44651851', 'יהודה אריה', 'שידלובסקי', 'בני ברק', NULL, NULL, NULL, NULL, 'נדבורנה', NULL, NULL, '89791420-28be-46c7-b97e-ff45b0e0a057', NULL, NULL),
  ('e27832d2-fb0b-4f47-adc9-42bed193d6f2', 'שלמה', 'בריסק', 'בני ברק', 'שדרות ויזניץ 13', NULL, NULL, 'יצחק יוסף', 'פרימשלאן', NULL, NULL, '89791420-28be-46c7-b97e-ff45b0e0a057', 231986, NULL),
  ('bf9603b1-bc40-4482-ab75-ff0f19d128bb', 'דוד', 'אשר', 'ביתר A', 'הרבי מנדבורנה 16', NULL, NULL, 'פנחס משה', 'נדבורנה', 'שלימות התפילה', '7fe5881e-5b24-4ad7-a62d-95e023557f54', '52889dcc-827d-4b20-a9d0-982c22e4b49f', 243402, NULL),
  ('429c647b-8579-4d9a-b35c-45d6c4ea704b', 'יעקב', 'ולס', 'ביתר B', 'המגיד ממעזריטש 23/15', NULL, NULL, 'אריה לייב', 'נדבורנה', 'שלימות התפילה', 'a38e0dff-7fa8-4637-83e0-06367db01f99', '3c1ffd72-3486-436c-9a79-e7408d911daa', NULL, NULL),
  ('82017087-14fb-4a8d-b4a1-02d409eaa21c', '—', 'נפחא', NULL, NULL, NULL, NULL, NULL, 'זוויעיל', NULL, '3f9775b4-4c57-481a-9f45-1bd6fe6a7058', '52889dcc-827d-4b20-a9d0-982c22e4b49f', NULL, NULL),
  ('f167598b-b475-4299-83ea-ed6a951370de', 'יוסף', 'רייזנר', 'בני ברק', 'השלה 2/4', NULL, NULL, 'ישראל', 'נדבורנה', 'שלימות התפילה', '344de510-9a68-41e3-8b2a-4917249eded5', '52889dcc-827d-4b20-a9d0-982c22e4b49f', 233077, NULL),
  ('a4a9d6ea-dfad-4ee6-8203-c8dfdd7abb26', 'שמעון', 'שזורי', 'בני ברק', 'אמרי חיים 1', NULL, NULL, 'חיים', 'נדבורנה', NULL, 'c3377b12-8bc5-417b-a3d3-033aab0e523d', '3c1ffd72-3486-436c-9a79-e7408d911daa', NULL, NULL),
  ('a403918a-9eac-43fe-bae5-73a0a70137b0', 'אברהם', 'אלבום', 'בני ברק', 'רבינא 10', NULL, NULL, 'משה יוסף', 'מאורי התורה', NULL, 'c3377b12-8bc5-417b-a3d3-033aab0e523d', '3c1ffd72-3486-436c-9a79-e7408d911daa', NULL, NULL),
  ('6f55a67c-64a3-4dbb-8ea8-1434450e1e49', 'שמעון', 'הרש', 'ביתר', NULL, NULL, NULL, NULL, 'נדבורנה', NULL, NULL, '89791420-28be-46c7-b97e-ff45b0e0a057', NULL, NULL),
  ('24e8af29-5ca7-4290-b408-081e5491dbca', 'יעקב שלמה', 'וולס', 'ביתר', NULL, NULL, NULL, NULL, 'נדבורנה', NULL, NULL, '89791420-28be-46c7-b97e-ff45b0e0a057', NULL, NULL),
  ('0309de87-ffec-4b8b-9489-4ed50907992f', 'דוד ישראל', 'ביק', NULL, NULL, NULL, NULL, NULL, 'נדבורנה', NULL, NULL, '89791420-28be-46c7-b97e-ff45b0e0a057', NULL, NULL),
  ('7114eedf-eb94-4ff8-b630-8c2bb61b56e9', 'ישראל ישכר בער', 'רוזנבוים', 'בני ברק', NULL, NULL, NULL, 'חיים מרדכי', NULL, 'שלימות התפילה', 'a9d3f0f5-4e3b-4c4e-8929-cac0182e3460', NULL, 321063, NULL),
  ('c301452b-923b-4565-a45f-2cae392e4c42', 'ישראל', 'ניילינגר', 'אלעד', 'רמבם 15', NULL, NULL, 'משה', 'נדבורנה', 'שלימות התפילה', 'da90f33c-350e-4b85-a51c-6fb7ee4008d8', '3c1ffd72-3486-436c-9a79-e7408d911daa', NULL, NULL),
  ('9a0ac48a-f230-45ad-af2c-a5ef4f316de3', 'ישראל אריה', 'קובלסקי', 'בני ברק', 'מהרל 10', NULL, NULL, 'אליעזר', 'נדבורנה', 'שלימות התפילה', '317570da-ff90-405b-9166-da11db38de00', '3c1ffd72-3486-436c-9a79-e7408d911daa', 289268, NULL),
  ('ad08b765-93bc-4e62-9f2a-8cdccd5fc05f', 'חיים מרדכי', 'וייץ', 'בני ברק', 'חזו''''א 87', NULL, NULL, 'שלמה', 'נדבורנה', 'שלימות התפילה', 'c3377b12-8bc5-417b-a3d3-033aab0e523d', '3c1ffd72-3486-436c-9a79-e7408d911daa', 230250, NULL),
  ('eb4b1fbb-568d-4a15-8548-76fcde60e266', 'משה', 'טאוב', 'בני ברק', 'קהילות יעקב 53', NULL, NULL, 'חיים מרדכי', 'נדבורנה', 'שלימות התפילה', 'c3377b12-8bc5-417b-a3d3-033aab0e523d', '3c1ffd72-3486-436c-9a79-e7408d911daa', 229471, NULL),
  ('a5787330-2331-4d44-b1ea-fc472b62b411', 'צבי', 'קוט', 'בני ברק', NULL, NULL, NULL, 'מרדכי', 'מיר', NULL, '1425cc1b-1d3f-47e1-89b1-81910b3b1de5', '89791420-28be-46c7-b97e-ff45b0e0a057', NULL, NULL),
  ('79f67214-f6cb-4ef6-b553-4630e9b1ab36', 'דוד', 'פיליפ', 'ביתר', NULL, NULL, NULL, NULL, 'נדבורנה', NULL, NULL, '89791420-28be-46c7-b97e-ff45b0e0a057', NULL, NULL);

INSERT INTO students (id, first_name, last_name, city, street, birth_date, phone, father_name, yeshiva, track, coordinator_id, group_id, nedarim_id, id_number) VALUES
  ('46ad04e9-43b3-4a93-b02f-dc8c0d792f75', 'מאיר', 'אלבוים', 'צפת', 'שפרינצק 329/32', NULL, NULL, 'משה דוד', 'נדבורנה', NULL, '7fe5881e-5b24-4ad7-a62d-95e023557f54', '52889dcc-827d-4b20-a9d0-982c22e4b49f', 229430, NULL),
  ('e4063fd3-d815-410b-8a76-02f88d1d4c36', 'דוד', 'טאוב', 'בני ברק', 'חזון איש  56', NULL, NULL, 'אהרן', 'נדבורנה', 'שלימות התפילה', '344de510-9a68-41e3-8b2a-4917249eded5', '52889dcc-827d-4b20-a9d0-982c22e4b49f', 229438, NULL),
  ('ac0bfedb-c318-496f-a659-60fea69a85da', 'מאיר', 'אייזנבאך', 'ביתר B', 'חב''''ד 27/8', NULL, NULL, 'מרדכי', 'נדבורנה', 'הבינני', '7fe5881e-5b24-4ad7-a62d-95e023557f54', '52889dcc-827d-4b20-a9d0-982c22e4b49f', 327180, NULL),
  ('2c452621-9971-4c34-877d-fc8cd9706d44', 'משה', 'לפקוביץ', 'ביתר', NULL, NULL, NULL, NULL, 'נדבורנה', NULL, NULL, '89791420-28be-46c7-b97e-ff45b0e0a057', NULL, NULL),
  ('f44315da-2a54-44f6-b3db-f675bff4d374', 'יעקב ישכר בער', 'וייץ', 'בני ברק', 'ברוך בן נריה 1', NULL, NULL, 'שאול', 'נדבורנה', 'שלימות התפילה', '317570da-ff90-405b-9166-da11db38de00', '3c1ffd72-3486-436c-9a79-e7408d911daa', 289287, NULL),
  ('6deaf023-95f8-4a2c-9deb-d7780c36951d', 'משה', 'רוזנבוים', 'בני ברק', 'קהילות יעקב 14', NULL, NULL, 'אהרן דוד', 'סערט ויזניץ', 'שלימות התפילה', 'c3377b12-8bc5-417b-a3d3-033aab0e523d', '3c1ffd72-3486-436c-9a79-e7408d911daa', 233133, NULL),
  ('28d21cde-b2a7-4d8d-8dc9-2e5868d2e126', 'שמעון', 'קליין', 'בני ברק', 'מתתיהו 22', NULL, NULL, 'יוסף צבי', 'נדבורנה', 'שלימות התפילה', '8f2c76ef-a2e1-4c17-a5f8-cbdea424fc08', '3c1ffd72-3486-436c-9a79-e7408d911daa', 229479, NULL),
  ('745b8515-a369-40d7-8e08-1147d2a3ded3', 'שמעון', 'עקשטיין', 'ביתר B', 'המגיד ממעזריטש 42', NULL, NULL, 'נחמן', 'נדבורנה', NULL, 'a38e0dff-7fa8-4637-83e0-06367db01f99', '3c1ffd72-3486-436c-9a79-e7408d911daa', 229416, NULL),
  ('5c01c3f2-12e0-4daf-be90-6ab4b527e7c4', 'מרדכי דוד', 'יעקובזון', 'בני ברק', 'הרב לנדא 9', NULL, NULL, 'חיים', 'נדבורנה', 'שלימות התפילה', '317570da-ff90-405b-9166-da11db38de00', '3c1ffd72-3486-436c-9a79-e7408d911daa', 288362, NULL),
  ('71db458a-b9ba-4c2b-af8e-21f1b4810285', 'בנימין', 'לפקוביץ', 'ביתר B', 'חב''''ד 11', NULL, NULL, 'צבי', 'נדבורנה', 'שלימות התפילה', 'a38e0dff-7fa8-4637-83e0-06367db01f99', '3c1ffd72-3486-436c-9a79-e7408d911daa', 232071, NULL),
  ('ac8a2794-61fb-4636-b07d-44d67094fda3', 'יהודה אריה לייב', 'אלבוים', 'ביתר B', 'חיי יצחק 11/22', NULL, NULL, 'חיים מרדכי', 'נדבורנה', NULL, '7fe5881e-5b24-4ad7-a62d-95e023557f54', '52889dcc-827d-4b20-a9d0-982c22e4b49f', 231259, NULL),
  ('2f2196ef-ebf2-46e8-b347-8d1a482e6cc5', 'מרדכי', 'רוזנבוים', 'בני ברק', 'אהבת שלום 12', NULL, NULL, 'יוסף דוד', 'נדבורנה', 'שלימות התפילה', '8f2c76ef-a2e1-4c17-a5f8-cbdea424fc08', '3c1ffd72-3486-436c-9a79-e7408d911daa', 230249, NULL),
  ('f80642d0-6ec7-416a-8466-cdb99510201b', 'משולם זושא', 'פרידמן', 'מודיעין עלית', NULL, NULL, NULL, NULL, NULL, NULL, '317570da-ff90-405b-9166-da11db38de00', NULL, 321064, NULL),
  ('0b73b4e6-8747-441f-93c9-eba7bcc77f64', 'שלמה בנימין', 'אלבוים', 'אלעד', 'המאירי 4/24', NULL, NULL, 'חיים מרדכי', 'נדבורנה', NULL, 'b4cd65cf-6e2e-4a5a-8e98-39a144f33742', '52889dcc-827d-4b20-a9d0-982c22e4b49f', NULL, NULL),
  ('0f3300e6-0a45-4b17-aeaa-e09b5ee7435e', 'יחיאל צבי', 'עקשטיין', NULL, NULL, NULL, NULL, NULL, 'נדבורנה', NULL, NULL, '89791420-28be-46c7-b97e-ff45b0e0a057', NULL, NULL),
  ('f5a15bf7-7a3b-472b-919d-948b7098bb09', 'יצחק אייזיק', 'אבלס', 'בני ברק', 'שדרות רמז 4', NULL, NULL, 'פנחס', 'מודזיץ', NULL, '317570da-ff90-405b-9166-da11db38de00', '3c1ffd72-3486-436c-9a79-e7408d911daa', 322549, NULL),
  ('6108c3c7-97b2-440e-89dc-ebbaaa775f69', 'מאיר', 'הרש', 'בני ברק', 'שדרות ויזניץ 15', NULL, NULL, 'שמעלקה', 'נדבורנה', 'שלימות התפילה', '8f2c76ef-a2e1-4c17-a5f8-cbdea424fc08', '3c1ffd72-3486-436c-9a79-e7408d911daa', 239638, NULL),
  ('009f4c6e-17e2-4935-9d2e-cf8a1cd92a40', 'זאבי', 'שפריי', 'בני ברק', 'חזון איש 62 א', NULL, NULL, 'אליהו', 'עריבות התורה בית שמש', 'שלימות התפילה', '8f2c76ef-a2e1-4c17-a5f8-cbdea424fc08', '3c1ffd72-3486-436c-9a79-e7408d911daa', 229468, NULL),
  ('5c9dd00a-6baf-4b3e-a2c4-76e0766a635f', 'לוי יצחק', 'הרש', 'ביתר A', 'אדמור מסלונים 3', NULL, NULL, 'אהרן', 'נדבורנה', 'שלימות התפילה', '1bb4bf07-24f9-4cda-9a53-437cb4517a35', '3c1ffd72-3486-436c-9a79-e7408d911daa', 229442, NULL),
  ('19b9fbaa-30eb-4497-bec2-efac6cf781f2', 'שרגא', 'בוקרצקי', 'בני ברק', 'דמשק אליעזר 22', NULL, NULL, 'אליעזר', 'נדבורנה', 'שלימות התפילה', '8f2c76ef-a2e1-4c17-a5f8-cbdea424fc08', '3c1ffd72-3486-436c-9a79-e7408d911daa', 294275, NULL),
  ('d2704078-97be-44b8-b889-0b8f2058cc82', 'אלימלך', 'פרידמן', 'בני ברק', 'בן אברהם בן דוד 37/3', NULL, NULL, 'שלמה', 'נדבורנה', 'שלימות התפילה', '7fe5881e-5b24-4ad7-a62d-95e023557f54', '52889dcc-827d-4b20-a9d0-982c22e4b49f', 321061, NULL),
  ('2b5619e1-f84d-4f29-a792-3f772235d1d3', 'חיים', 'זופניק', 'בית  שמש', NULL, NULL, NULL, 'דוד', 'נדבורנה', 'הבינני', '2d399d0a-6b28-4690-be1c-7133067fa71b', '3c1ffd72-3486-436c-9a79-e7408d911daa', 317577, NULL),
  ('5b1087f5-8142-4442-8843-bd3fbbace993', 'מאיר', 'רוזנברג', 'אלעד', 'המאירי 7', NULL, NULL, 'ברוך יעקב', 'נדבורנה', 'שלימות התפילה', 'b4cd65cf-6e2e-4a5a-8e98-39a144f33742', '52889dcc-827d-4b20-a9d0-982c22e4b49f', 229440, NULL),
  ('2bb62792-1807-4319-ba1e-bcbf1ff1b9c7', 'יוסף בנימין', 'פרנקל', 'בני ברק', NULL, NULL, NULL, NULL, 'נדבורנה', NULL, NULL, '89791420-28be-46c7-b97e-ff45b0e0a057', NULL, NULL),
  ('43e8379f-a8d4-44fb-adc2-7b93114bd5a2', 'דוד שלמה', 'גנץ', 'אלעד', 'יונתן בן עוזיאל 46', NULL, NULL, 'שמואל צבי', 'נדבורנה', 'שלימות התפילה', 'da90f33c-350e-4b85-a51c-6fb7ee4008d8', '3c1ffd72-3486-436c-9a79-e7408d911daa', 229435, NULL),
  ('11b412d7-f44a-41de-a2c4-b5be01fb45dc', 'שלום', 'הרש', 'בני ברק', NULL, NULL, NULL, NULL, 'נדבורנה', NULL, NULL, '89791420-28be-46c7-b97e-ff45b0e0a057', NULL, NULL),
  ('a405c882-4cab-4670-94d0-4c0b7096fa6e', 'זאב יהודה', 'ביקסנשפנר', 'אשדוד', 'ינאי 52/11', NULL, NULL, 'יצחק יוסף', 'נדבורנה', NULL, '7fe5881e-5b24-4ad7-a62d-95e023557f54', '52889dcc-827d-4b20-a9d0-982c22e4b49f', 294591, NULL),
  ('e67c034a-b983-4fe8-9693-4843599282ff', 'מאיר', 'בוקצין', NULL, NULL, NULL, NULL, NULL, 'זוויעיל', NULL, 'a38e0dff-7fa8-4637-83e0-06367db01f99', '3c1ffd72-3486-436c-9a79-e7408d911daa', 319200, NULL),
  ('9bfd81a0-c1ed-4157-97eb-8381efa5e104', 'שייעה', 'גרליץ', 'בני ברק', 'מעונות ויזניץ 4', NULL, NULL, 'חיים', 'רחמיסטריווקא', NULL, '3f9775b4-4c57-481a-9f45-1bd6fe6a7058', '52889dcc-827d-4b20-a9d0-982c22e4b49f', NULL, NULL),
  ('232892c8-9418-457b-b8c7-5c6c9caec632', 'אלעזר', 'ווסנר', 'בני ברק', 'הרב קוק 7', NULL, NULL, 'חיים', 'נדבורנה', 'שלימות התפילה', '7fe5881e-5b24-4ad7-a62d-95e023557f54', '52889dcc-827d-4b20-a9d0-982c22e4b49f', NULL, NULL),
  ('b62f16fd-e4e2-4e98-a0ca-66449d3184d3', 'יעקב ישכר בער', 'אלבום', 'ביתר B', 'חיי יצחק 11/22', NULL, NULL, 'חיים מרדכי', 'נדבורנה', 'שלימות התפילה', 'a38e0dff-7fa8-4637-83e0-06367db01f99', '3c1ffd72-3486-436c-9a79-e7408d911daa', NULL, NULL),
  ('4c10e148-94bc-4ff8-b1f6-3836948c2ca7', 'אליהו חיים', 'קליינר', 'אלעד', 'ברטנורא 18', NULL, NULL, 'דינאל', 'נדבורנה', 'שלימות התפילה', '7fe5881e-5b24-4ad7-a62d-95e023557f54', '52889dcc-827d-4b20-a9d0-982c22e4b49f', 231786, NULL),
  ('76c4434e-4a6b-4234-baa5-866229a3bad7', 'יהודה יהושע', 'קוט', 'בני ברק', NULL, NULL, NULL, 'מרדכי', 'מיר', NULL, '1425cc1b-1d3f-47e1-89b1-81910b3b1de5', '89791420-28be-46c7-b97e-ff45b0e0a057', NULL, NULL),
  ('3d091141-77e6-48a8-997f-81b888c0ceea', 'דוד', 'ניילינגר', 'אלעד', NULL, NULL, NULL, NULL, 'נדבורנה', NULL, NULL, '89791420-28be-46c7-b97e-ff45b0e0a057', NULL, NULL),
  ('aaa95265-da6e-45c4-a110-641c8f0e8cce', 'ישי', 'שוורץ', 'בני ברק', NULL, NULL, NULL, NULL, 'נדבורנה', NULL, NULL, '89791420-28be-46c7-b97e-ff45b0e0a057', NULL, NULL),
  ('be8586e0-d990-4e7c-8fcb-be67513c2699', 'נפתלי', 'רוקח', 'בני ברק', NULL, NULL, NULL, 'אברהם', 'נדבורנה', 'שלימות התפילה', '8f2c76ef-a2e1-4c17-a5f8-cbdea424fc08', '3c1ffd72-3486-436c-9a79-e7408d911daa', 231669, NULL),
  ('bcd1dfbc-0cbf-4e59-9a30-44be3e3d7611', 'צבי אלימלך', 'קליינר', 'אלעד', 'ברטנורא 18
', NULL, NULL, NULL, 'נדבורנה', 'שלימות התפילה', NULL, '89791420-28be-46c7-b97e-ff45b0e0a057', NULL, NULL),
  ('134cdefc-bb2a-47d7-b831-7b83a6d6d1ef', 'אליהו', 'טפר', 'ביתר B', 'חב''''ד 16', NULL, NULL, 'יעקב', 'עיון התורה', 'שלימות התפילה', 'a38e0dff-7fa8-4637-83e0-06367db01f99', '3c1ffd72-3486-436c-9a79-e7408d911daa', 319198, NULL),
  ('f234ad1b-f8d3-439d-bf71-2a305344fe9a', 'יעקב ישכר בער', 'צביון', 'ביתר B', 'דרכי איש 13', NULL, NULL, 'אברהם ישעי', NULL, NULL, 'a38e0dff-7fa8-4637-83e0-06367db01f99', NULL, 319197, NULL),
  ('351e5f6b-6fb6-4dfe-9ac7-5a97841eaaf5', 'מרדכי', 'ניילינדר', 'בני ברק', 'קיבוץ גליות 9', NULL, NULL, 'יוסף צבי', 'סערט ויזנץ', 'שלימות התפילה', '317570da-ff90-405b-9166-da11db38de00', '3c1ffd72-3486-436c-9a79-e7408d911daa', 289288, NULL),
  ('73ea25ee-0859-4065-a63d-76bc8c94698a', 'אהרון מנחם', 'מרגלי', 'בני ברק', NULL, NULL, NULL, NULL, 'נדבורנה', NULL, NULL, '89791420-28be-46c7-b97e-ff45b0e0a057', NULL, NULL),
  ('0db206d6-ba96-4efe-9594-e24533e23d6e', 'שייע', 'קוסטליץ', 'אלעד', NULL, NULL, NULL, 'יהודה', 'טל תורה', 'שלימות התפילה', NULL, '52889dcc-827d-4b20-a9d0-982c22e4b49f', 229447, NULL),
  ('670fa0f7-7d27-4340-8d92-81724b8df476', 'שלום', 'לנדמן', 'ירושלים', NULL, NULL, NULL, 'אהרן', 'טשעבין', NULL, '1425cc1b-1d3f-47e1-89b1-81910b3b1de5', '89791420-28be-46c7-b97e-ff45b0e0a057', NULL, NULL),
  ('93834645-21f5-455d-94b2-de6578c51f93', 'משה יוסף', 'שפר', 'בני ברק', 'חזון איש 56', NULL, NULL, 'חיים', NULL, 'הבינני', 'a9d3f0f5-4e3b-4c4e-8929-cac0182e3460', NULL, 317980, NULL),
  ('8a4a966a-8e0f-435b-9e3f-48e4e132299d', 'דוד', 'דופלט', NULL, NULL, NULL, NULL, NULL, 'נדבורנה', NULL, NULL, '89791420-28be-46c7-b97e-ff45b0e0a057', NULL, NULL),
  ('6b99e750-df9f-4fff-8b85-e51913b0c0e5', 'יוסף', 'הופמן', 'ביתר A', 'מפעל הש''''ס 22/5', NULL, NULL, 'מנחם', 'נדבורנה', 'שלימות התפילה', '7fe5881e-5b24-4ad7-a62d-95e023557f54', '52889dcc-827d-4b20-a9d0-982c22e4b49f', 230248, NULL),
  ('c9084200-7194-4391-97ac-ac5cd154e615', 'שייע בר''''ב', 'קוסטליץ', 'בני ברק', 'חזון איש 54 א', NULL, NULL, 'ברוך', 'שערי תורה', NULL, '3f9775b4-4c57-481a-9f45-1bd6fe6a7058', '52889dcc-827d-4b20-a9d0-982c22e4b49f', 299466, NULL),
  ('55503162-d6b7-4a87-a16d-3691767ab53d', 'יצחק אייזיק', 'גוטפריינד', 'בני ברק', 'עזרא 55', NULL, NULL, 'שמואל', 'אלכסנדר', 'שלימות התפילה', '8f2c76ef-a2e1-4c17-a5f8-cbdea424fc08', '3c1ffd72-3486-436c-9a79-e7408d911daa', 231175, NULL),
  ('456cc9eb-1ea6-49fb-a20b-ddb2127afd19', 'אברהם יצחק', 'פרידמן', 'אשדוד', 'הלל 11
', NULL, NULL, 'מאיר', NULL, NULL, '2d399d0a-6b28-4690-be1c-7133067fa71b', NULL, NULL, NULL),
  ('4f75fefb-e04e-4789-8e9e-13c03aec4351', 'אברהם חיים', 'פרנקל', 'ביתר B', 'ברים 11', NULL, NULL, 'מנחם', 'אהבת התורה  ', NULL, 'a38e0dff-7fa8-4637-83e0-06367db01f99', '3c1ffd72-3486-436c-9a79-e7408d911daa', NULL, NULL),
  ('4148ff83-8e80-4e69-81e7-57af03447d08', 'יחיאל צבי', 'עקשטיין', 'בני ברק', 'אמרי ברוך 17', NULL, NULL, 'יהודה לייב', 'נדבורנה', 'שלימות התפילה', '7fe5881e-5b24-4ad7-a62d-95e023557f54', '52889dcc-827d-4b20-a9d0-982c22e4b49f', 233168, NULL),
  ('ebc364ff-5e55-4e51-935f-66edef82af52', 'מוישי', 'ברגופן', 'בני ברק', 'עוזיאל 19', NULL, NULL, 'יחזקאל', 'טל תורה', NULL, NULL, '89791420-28be-46c7-b97e-ff45b0e0a057', NULL, NULL),
  ('4184c744-75f1-4d0f-9daf-6a9ba278bc40', 'מאיר', 'אייזנבך', NULL, 'קוממיות', NULL, NULL, 'חיים צבי', 'קרעטשניף', NULL, '2d399d0a-6b28-4690-be1c-7133067fa71b', '3c1ffd72-3486-436c-9a79-e7408d911daa', 322551, NULL),
  ('d2e53855-3757-480b-bff6-b0f0bfdd2b96', 'לוי צבי', 'קליין', 'אלעד', 'יהודה הנשיא 75/6', NULL, NULL, 'חזקי', 'שערי תורה', NULL, '3f9775b4-4c57-481a-9f45-1bd6fe6a7058', '52889dcc-827d-4b20-a9d0-982c22e4b49f', 230231, NULL),
  ('0a014d3d-27d4-4cdb-bc8c-9c105d51e72b', 'חיים מרדכי', 'פרידמן', 'בני ברק', 'יוחנן הסנדלר', NULL, NULL, 'משה', 'נדבורנה', 'שלימות התפילה', '317570da-ff90-405b-9166-da11db38de00', '3c1ffd72-3486-436c-9a79-e7408d911daa', 229459, NULL),
  ('eda0e863-ce53-4cd8-9d54-69fa7d707ac0', 'חיים מרדכי', 'ניישלאס', 'בני ברק', 'דבורה הנביאה 1', NULL, NULL, 'יעקב יוסף', 'טשעבין', 'הבינני', '3f9775b4-4c57-481a-9f45-1bd6fe6a7058', '52889dcc-827d-4b20-a9d0-982c22e4b49f', NULL, NULL),
  ('d2624ce7-0260-4343-b38d-9006d49827fc', 'שמואל', 'פיגה', 'ביתר A', 'רבי עקיבא 40/17', NULL, NULL, 'בונם חיים', 'חיי משה', NULL, '3f9775b4-4c57-481a-9f45-1bd6fe6a7058', '52889dcc-827d-4b20-a9d0-982c22e4b49f', NULL, NULL),
  ('90286552-017d-47be-bdca-16bd4af77627', 'ישראל', 'פורייס', 'אלעד', 'המאיר 8/22', NULL, NULL, 'יהושע ', 'נדבורנה', NULL, '7fe5881e-5b24-4ad7-a62d-95e023557f54', '52889dcc-827d-4b20-a9d0-982c22e4b49f', NULL, NULL),
  ('cfded736-1c2d-4247-a5e3-d655d9c3a2c4', 'אברהם יוסף', 'וולס', 'ביתר', NULL, NULL, NULL, NULL, 'נדבורנה', NULL, NULL, '89791420-28be-46c7-b97e-ff45b0e0a057', NULL, NULL),
  ('bc303a71-113b-4377-aba6-e9917f5db7a1', 'חיים', 'פרקש', 'אשדוד', 'שמאי 16/19', NULL, NULL, 'מרדכי', 'עיון התורה', NULL, '7596fc91-bb9e-4893-b0b7-ea1cfb5f3d08', '52889dcc-827d-4b20-a9d0-982c22e4b49f', NULL, NULL),
  ('aacaa391-f8c8-4154-a150-c88f4c46382a', 'מרדכי חנוך', 'כהן', 'בני ברק', 'רימון 21', NULL, NULL, 'אתמר', 'נדבורנה', 'שלימות התפילה', 'c3377b12-8bc5-417b-a3d3-033aab0e523d', '3c1ffd72-3486-436c-9a79-e7408d911daa', 229482, NULL),
  ('4fa51edc-4410-484c-b9bc-3f775506c0ce', 'שמואל צבי', 'קובלסקי', 'בני ברק', 'אור החיים 10', NULL, NULL, 'אשר', 'נדבורנה', 'שלימות התפילה', 'c3377b12-8bc5-417b-a3d3-033aab0e523d', '3c1ffd72-3486-436c-9a79-e7408d911daa', 236162, NULL),
  ('5a8482a2-d6d0-4a09-ab1e-2ecc3e414e9b', 'יוסף', 'קובלסקי', 'אלעד', 'יהודה הנשיא 63', NULL, NULL, 'דוד יהודה', 'נדבורנה', 'שלימות התפילה', 'da90f33c-350e-4b85-a51c-6fb7ee4008d8', '3c1ffd72-3486-436c-9a79-e7408d911daa', NULL, NULL),
  ('854c77a3-82fe-4d1d-a78b-47e1f97c7527', 'יוסי', 'ולס', 'ביתר A', 'בן זכאי 12/3', NULL, NULL, 'זכריה דוד ב''''ר אהרן', 'עיון התורה', NULL, '7596fc91-bb9e-4893-b0b7-ea1cfb5f3d08', '52889dcc-827d-4b20-a9d0-982c22e4b49f', NULL, NULL),
  ('8e8ce893-3884-4dc3-a13e-418352d150de', 'שרוליק', 'וולס בר דוד', 'ביתר A', NULL, NULL, NULL, 'דוד', 'עובד', NULL, '1425cc1b-1d3f-47e1-89b1-81910b3b1de5', '89791420-28be-46c7-b97e-ff45b0e0a057', NULL, NULL),
  ('d9dc2865-73d9-442b-9918-c717ba7fcc08', 'שמעון אלימלך', 'שפר', 'בני ברק', 'אהבת שלום 8', NULL, NULL, 'מרדכי', 'נדבורנה', NULL, 'b4cd65cf-6e2e-4a5a-8e98-39a144f33742', '52889dcc-827d-4b20-a9d0-982c22e4b49f', 304901, NULL),
  ('2a38babc-a207-4d02-b138-1c591e86b98c', 'שמואל יצחק', 'כהן', 'בני ברק', 'רימון 21', NULL, NULL, 'אתמר', 'נדבורנה', 'שלימות התפילה', '317570da-ff90-405b-9166-da11db38de00', '3c1ffd72-3486-436c-9a79-e7408d911daa', 288364, NULL),
  ('af885915-f525-422b-85f7-34053e27db24', 'מאיר', 'בורנשטיין', 'בני ברק', 'רימון 21', NULL, NULL, 'ישראל', 'מאורי התורה', NULL, '8f2c76ef-a2e1-4c17-a5f8-cbdea424fc08', '3c1ffd72-3486-436c-9a79-e7408d911daa', NULL, NULL),
  ('b86974b7-0c34-447a-b23d-96106f75c364', 'יענקי', 'וולס בני ברק', 'בני ברק', 'אמרי חיים 1', NULL, NULL, 'אברהם', 'נדבורנה', NULL, 'b4cd65cf-6e2e-4a5a-8e98-39a144f33742', '52889dcc-827d-4b20-a9d0-982c22e4b49f', NULL, NULL),
  ('15e3cc41-5af3-4689-a47c-603bda98ad94', 'צבי', 'קוסטליץ', 'בני ברק', 'ברוך בן נריה 3', NULL, NULL, NULL, 'טל תורה', NULL, '3f9775b4-4c57-481a-9f45-1bd6fe6a7058', '52889dcc-827d-4b20-a9d0-982c22e4b49f', NULL, NULL),
  ('5c3cade5-cd40-46d7-9ca9-96446750d5fe', 'חיים מרדכי', 'עקשטיין', 'בית שמש', NULL, NULL, NULL, 'שלמה', 'נדבורנה', NULL, '2d399d0a-6b28-4690-be1c-7133067fa71b', '3c1ffd72-3486-436c-9a79-e7408d911daa', 317579, NULL),
  ('986d906d-d15f-43ce-9fc9-60deb42fcc68', 'חיים מרדכי', 'ויטריאול', 'בית שמש', 'שדרות האמוראים 47', NULL, NULL, 'מאיר', 'מכינה לישיבה', 'שלימות התפילה', '2d399d0a-6b28-4690-be1c-7133067fa71b', '3c1ffd72-3486-436c-9a79-e7408d911daa', 317581, NULL),
  ('a50cac33-8eca-42ac-98e3-33d07fb1bb29', 'שמעון', 'בלעדי', 'אלעד', 'יהודה הנשיאה67/6', NULL, NULL, 'פנחס דוד', 'מכנובקא אלעד', NULL, 'da90f33c-350e-4b85-a51c-6fb7ee4008d8', '3c1ffd72-3486-436c-9a79-e7408d911daa', NULL, NULL),
  ('cf407a59-5cec-49ef-aadf-a8de32b8fbc2', 'יהושע', 'כהן', 'בני ברק', 'דבורה הנביאה 26', NULL, NULL, 'חיים', 'נדבורנה', 'שלימות התפילה', '8f2c76ef-a2e1-4c17-a5f8-cbdea424fc08', '3c1ffd72-3486-436c-9a79-e7408d911daa', 321060, NULL),
  ('87160370-eb19-4ec1-bd53-4910741116fd', 'שמחה יוסף', 'הרשטיק', NULL, NULL, NULL, NULL, NULL, 'נדבורנה', NULL, NULL, '89791420-28be-46c7-b97e-ff45b0e0a057', NULL, NULL),
  ('747c6b16-68ad-4cca-8d6c-d331a1c33137', 'יעקב', 'גרליץ', 'בני ברק', 'האדמור מנדבורנה 57', NULL, NULL, 'מאיר', 'רחמיסטריווקא', NULL, '3f9775b4-4c57-481a-9f45-1bd6fe6a7058', '52889dcc-827d-4b20-a9d0-982c22e4b49f', NULL, NULL),
  ('437cd25c-6b68-45b6-a37f-31b21bf68246', 'משה', 'קוט', 'בני ברק', NULL, NULL, NULL, 'מרדכי', 'רחמיסטריווקא', NULL, '1425cc1b-1d3f-47e1-89b1-81910b3b1de5', '89791420-28be-46c7-b97e-ff45b0e0a057', NULL, NULL),
  ('4f7d432f-612d-46f0-8e63-f330cb9bde1d', 'שמעיה', 'ברגופן', 'בני ברק', 'עוזיאל 19', NULL, NULL, 'יחזקאל', 'באבוב ', NULL, NULL, '89791420-28be-46c7-b97e-ff45b0e0a057', NULL, NULL),
  ('1c113fa4-ec0b-472d-a67a-0408a967f7be', 'חיים מרדכי', 'רוקח', 'בני ברק', NULL, NULL, NULL, 'אברהם', 'מכנובקה', NULL, NULL, '89791420-28be-46c7-b97e-ff45b0e0a057', NULL, NULL),
  ('a74a0a48-bb79-4e59-b449-02a39c22dc65', 'אלימלך', 'אייזנבאך', 'קוממיות', '124', NULL, NULL, 'חיים צבי', 'בהירות התורה', NULL, '7596fc91-bb9e-4893-b0b7-ea1cfb5f3d08', '52889dcc-827d-4b20-a9d0-982c22e4b49f', NULL, NULL),
  ('93eb9ba9-2c4d-4b20-93c3-08976a641c69', 'אברהם יהושע', 'בטלמן', 'בית שמש', 'ברכיא 13', NULL, NULL, 'הלל', 'נדבורנה', 'שלימות התפילה', '2d399d0a-6b28-4690-be1c-7133067fa71b', '3c1ffd72-3486-436c-9a79-e7408d911daa', 229426, NULL),
  ('70a6f42b-e6cf-4817-a992-3b274545ff40', 'שמעון', 'זופניק', 'ביתר A', 'אוירבך 7/6', NULL, NULL, 'ברוך יעקב', 'נדבורנה', NULL, 'b4cd65cf-6e2e-4a5a-8e98-39a144f33742', '52889dcc-827d-4b20-a9d0-982c22e4b49f', NULL, NULL),
  ('079743b0-5e06-4ecd-bf16-705de188a17d', 'אברהם', 'קליין', 'בני ברק', 'גרוסברד 3', NULL, NULL, 'חיים מרדכי', 'נדבורנה', 'שלימות התפילה', '8f2c76ef-a2e1-4c17-a5f8-cbdea424fc08', '3c1ffd72-3486-436c-9a79-e7408d911daa', 231256, NULL),
  ('79ab2c49-26a3-44f8-8060-601b9f2065c5', 'אהרון', 'כהן', 'בני ברק', 'דבורה הנביאה 26', NULL, NULL, 'חיים', 'נדבורנה', 'שלימות התפילה', '344de510-9a68-41e3-8b2a-4917249eded5', '52889dcc-827d-4b20-a9d0-982c22e4b49f', 231284, NULL),
  ('49db3bc7-032a-42ef-9f4f-9a4efd48be6c', 'משה', 'הרש', NULL, 'האדמור מחבד 25
', NULL, NULL, 'שמואל צבי', 'קרעטשניף', 'שלימות התפילה', '2d399d0a-6b28-4690-be1c-7133067fa71b', NULL, 233167, NULL),
  ('824fb326-6de8-4c80-bfde-60520d2d9066', 'חיים אלעזר', 'קליין', 'אלעד', 'יהודה הנשיא 65/6', NULL, NULL, 'חזקי', 'מכנובקא אלעד', 'שלימות התפילה', 'da90f33c-350e-4b85-a51c-6fb7ee4008d8', '3c1ffd72-3486-436c-9a79-e7408d911daa', 231172, NULL),
  ('59c27988-64a8-445a-a184-8cdf42919cba', 'שמעון', 'טויסיג', 'ירושלים גבעת שאול', 'גבעת שאול 27', NULL, NULL, NULL, 'חי משה', NULL, '3f9775b4-4c57-481a-9f45-1bd6fe6a7058', '52889dcc-827d-4b20-a9d0-982c22e4b49f', NULL, NULL),
  ('8a4062ca-4d79-4830-8ca6-5e973e1f165f', 'חיים מרדכי', 'עקשטיין', 'בני ברק', 'דסלר 14', NULL, NULL, 'יוסף', 'נדבורנה', 'שלימות התפילה', 'c3377b12-8bc5-417b-a3d3-033aab0e523d', '3c1ffd72-3486-436c-9a79-e7408d911daa', NULL, NULL),
  ('1de5a4a3-92a6-4888-a6e6-192523ba3a23', 'יהושע', 'לפקוביץ', 'ביתר B', 'חב''''ד 11', NULL, NULL, 'צבי', 'נדבורנה', 'שלימות התפילה', 'a38e0dff-7fa8-4637-83e0-06367db01f99', '3c1ffd72-3486-436c-9a79-e7408d911daa', 229451, NULL),
  ('0e911bd9-a0ca-4b77-8fcc-aaf48d9cd6fa', 'אלימלך', 'עקשטיין', 'ביתר B', 'המגיד ממעזריטש 42', NULL, NULL, 'נחמן', NULL, NULL, 'a38e0dff-7fa8-4637-83e0-06367db01f99', NULL, 319201, NULL),
  ('e843dae9-79e4-4bb1-9404-69f386ce8a70', 'נפתלי צבי', 'וולס', 'ביתר B', 'המגיד ממעזריטש 23/15', NULL, NULL, 'אריה לייב', 'נדבורנה', NULL, '7fe5881e-5b24-4ad7-a62d-95e023557f54', '52889dcc-827d-4b20-a9d0-982c22e4b49f', NULL, NULL),
  ('01ac1a21-3a09-4a30-93a1-17857c05bceb', 'יוסף מאיר', 'שפריי', 'בני ברק', 'חזון איש 62 א', NULL, NULL, 'אליהו', 'נדבורנה', 'שלימות התפילה', '344de510-9a68-41e3-8b2a-4917249eded5', '52889dcc-827d-4b20-a9d0-982c22e4b49f', 294592, NULL),
  ('10592ae0-3c83-4661-9255-454325455970', 'אהרון לייב', 'הבלין', 'ביתר A', 'רבי עקיבא 35/21', NULL, NULL, 'שלום', 'עיון תורה ביתר', NULL, '1bb4bf07-24f9-4cda-9a53-437cb4517a35', '3c1ffd72-3486-436c-9a79-e7408d911daa', 229423, NULL),
  ('f4e8f5fe-e789-447b-8152-72ea3fe411a0', 'אליעזר דוד', 'עקשטיין', NULL, NULL, NULL, NULL, NULL, 'נדבורנה', NULL, NULL, '89791420-28be-46c7-b97e-ff45b0e0a057', NULL, NULL),
  ('44329f1d-6c76-4961-80ea-248818e7239f', 'אריה לייבוש', 'ניילינדר', 'בני ברק', 'קיבוץ גליות 9', NULL, NULL, 'יוסף צבי', 'רחמיסטריווקא', NULL, '3f9775b4-4c57-481a-9f45-1bd6fe6a7058', '52889dcc-827d-4b20-a9d0-982c22e4b49f', NULL, NULL),
  ('1e67cf08-f8d3-49df-bc27-db9593ab5225', 'מרדכי', 'אונגר', 'בני ברק', 'אדמורי שאץ 14', NULL, NULL, 'עקיבא', 'נדבורנה', 'שלימות התפילה', 'c3377b12-8bc5-417b-a3d3-033aab0e523d', '3c1ffd72-3486-436c-9a79-e7408d911daa', 229454, NULL),
  ('cbe01c23-7cd0-40c8-b871-867c818d769e', 'משה', 'שנייעבלג', 'בני ברק', 'חידושי הרים 16', NULL, NULL, 'נפתלי', 'סערט ויזניץ', 'שלימות התפילה', '317570da-ff90-405b-9166-da11db38de00', '3c1ffd72-3486-436c-9a79-e7408d911daa', 288652, NULL),
  ('56129f57-e263-4bab-9266-b5f6f51c8d59', 'מרדכי', 'פיגה', 'בני ברק', 'גבעת פנחס 10', NULL, NULL, 'מנחם', 'נדבורנה', 'שלימות התפילה', '344de510-9a68-41e3-8b2a-4917249eded5', '52889dcc-827d-4b20-a9d0-982c22e4b49f', 231169, NULL),
  ('d4927755-cc86-4817-814f-6ebd4f0438d7', 'אלימלך', 'פרידמן', 'ביתר A', 'חזון איש 12', NULL, NULL, 'מרדכי', 'מאור ושמש ביתר', 'הבינני', '1bb4bf07-24f9-4cda-9a53-437cb4517a35', '3c1ffd72-3486-436c-9a79-e7408d911daa', NULL, NULL),
  ('c6ace123-07cb-429f-a698-60a1c26d2f67', 'שמעון', 'הרש', 'בני ברק', 'האדמור מצאנז 5', NULL, NULL, 'מנחם יוסף', 'נדבורנה', 'שלימות התפילה', '7fe5881e-5b24-4ad7-a62d-95e023557f54', '52889dcc-827d-4b20-a9d0-982c22e4b49f', 229481, NULL);

INSERT INTO students (id, first_name, last_name, city, street, birth_date, phone, father_name, yeshiva, track, coordinator_id, group_id, nedarim_id, id_number) VALUES
  ('6bc58201-cc78-426a-bc2d-600228f821a0', 'אריה יהודה', 'שור', NULL, NULL, NULL, NULL, NULL, 'נדבורנה', NULL, NULL, '89791420-28be-46c7-b97e-ff45b0e0a057', NULL, NULL),
  ('35e5b430-b63c-4c24-a2ba-24e7e09436c0', 'משולם', 'עקשטיין', 'אלעד', NULL, NULL, NULL, 'יחיאל צבי בר''''נ', 'אורייתא', NULL, '1425cc1b-1d3f-47e1-89b1-81910b3b1de5', '89791420-28be-46c7-b97e-ff45b0e0a057', NULL, NULL),
  ('726fed95-e680-4afb-b5cf-d7e54dcc24fe', 'צבי אנשיל', 'ויטריאול', 'מודיעין עלית', 'רבי עקיבא 24
', NULL, NULL, 'חיים יוסף', 'קרעטשניף', 'שלימות התפילה', '2d399d0a-6b28-4690-be1c-7133067fa71b', '3c1ffd72-3486-436c-9a79-e7408d911daa', 321059, NULL),
  ('d223d130-5be0-4f5a-9b48-c7a96764ad84', 'יעקב', 'צביון', 'ביתר B', 'ישמח ישראל 56/4', NULL, NULL, 'יוסף', 'נדבורנה', NULL, '344de510-9a68-41e3-8b2a-4917249eded5', '52889dcc-827d-4b20-a9d0-982c22e4b49f', NULL, NULL),
  ('ef09578b-dc21-4031-bfd6-900d873d5fb0', 'חיים', 'קוסטליץ', 'בני ברק', 'חזון איש 54', NULL, NULL, 'ברוך', 'טל תורה', NULL, NULL, '89791420-28be-46c7-b97e-ff45b0e0a057', NULL, NULL),
  ('3004d2f6-ef6e-4785-9534-26b62c45ee37', 'יעקב ישכר בער', 'קובלסקי', 'אלעד', 'יהודה הנשיא 63', NULL, NULL, 'דוד יהודה', 'נדבורנה', 'שלימות התפילה', 'da90f33c-350e-4b85-a51c-6fb7ee4008d8', '3c1ffd72-3486-436c-9a79-e7408d911daa', NULL, NULL),
  ('f9a9c032-59cb-4e6b-b701-49107395d06c', 'מרדכי', 'רוטנשטיין', 'בני ברק', 'רשבם 29', NULL, NULL, 'שלמה', 'נדבורנה', 'שלימות התפילה', '344de510-9a68-41e3-8b2a-4917249eded5', '52889dcc-827d-4b20-a9d0-982c22e4b49f', 302915, NULL),
  ('e28d85db-560f-48f0-9474-dbf8c36c42bd', 'אליהו', 'פולייס', 'ירושלים', NULL, NULL, NULL, NULL, 'שערי תורה', NULL, '1425cc1b-1d3f-47e1-89b1-81910b3b1de5', '89791420-28be-46c7-b97e-ff45b0e0a057', NULL, NULL),
  ('5d6ee7ec-2f05-4daf-b492-9c9c44e645d7', 'מרדכי', 'אייזנבך', 'בני ברק', 'אמרי חיים 1', NULL, NULL, 'איתמר', 'נדבורנה', NULL, 'c3377b12-8bc5-417b-a3d3-033aab0e523d', '3c1ffd72-3486-436c-9a79-e7408d911daa', NULL, NULL),
  ('f0b903d7-4c50-4418-9e7c-5944895b43a5', 'יוסף חיים', 'אשר', 'חולון', NULL, NULL, NULL, NULL, 'טשכנוב', NULL, '1425cc1b-1d3f-47e1-89b1-81910b3b1de5', '89791420-28be-46c7-b97e-ff45b0e0a057', NULL, NULL),
  ('8654ac23-c28d-428c-b1a7-0911c6f2924f', 'דוד', 'סופר', NULL, NULL, NULL, NULL, NULL, 'נדבורנה', NULL, NULL, '89791420-28be-46c7-b97e-ff45b0e0a057', NULL, NULL),
  ('b557dba7-85fd-4ea0-be75-5b4ab3b8002d', 'חיים מרדכי', 'וייס', 'בית שמש', NULL, NULL, NULL, 'שמואל אהרן', NULL, NULL, '2d399d0a-6b28-4690-be1c-7133067fa71b', '3c1ffd72-3486-436c-9a79-e7408d911daa', NULL, NULL),
  ('4db54fe2-5bbc-4021-afd7-c9de7191b22c', 'אליהו', 'פרוש', 'ירושלים', NULL, NULL, NULL, NULL, 'שערי תורה', NULL, '1425cc1b-1d3f-47e1-89b1-81910b3b1de5', '89791420-28be-46c7-b97e-ff45b0e0a057', 230226, NULL),
  ('d965db71-218e-4324-9639-b48b071d03d8', 'אלימלך', 'קלפנר', 'בני ברק', 'עוזיאל 36', NULL, NULL, 'מרדכי', 'נדבורנה', 'שלימות התפילה', 'c3377b12-8bc5-417b-a3d3-033aab0e523d', '3c1ffd72-3486-436c-9a79-e7408d911daa', 229458, NULL),
  ('69072fc4-eee6-4f06-896e-555dceac41cd', 'זאב יהודה רייזנר', '—', 'אשדוד', 'רבי מאיר בעל הנס 18/13
', NULL, NULL, 'יעקב', NULL, NULL, '2d399d0a-6b28-4690-be1c-7133067fa71b', NULL, NULL, NULL),
  ('c1fa7aa2-e570-49c5-8dc6-c5a82e1ebb0d', 'יעקב', 'גרליץ', 'ביתר B', 'ישמח ישראל 21/9', NULL, NULL, 'חיים מרדכי', 'נדבורנה', 'שלימות התפילה', '7fe5881e-5b24-4ad7-a62d-95e023557f54', '52889dcc-827d-4b20-a9d0-982c22e4b49f', NULL, NULL),
  ('1da4bb9f-fd34-402b-bf71-b58ed3f1c520', 'אברהם', 'פרנקל', 'בני ברק', NULL, NULL, NULL, NULL, 'נדבורנה', NULL, NULL, '89791420-28be-46c7-b97e-ff45b0e0a057', NULL, NULL),
  ('cb599183-4bbf-429f-98c4-9f7cbacd7765', 'חיים מרדכי', 'יעקבזון', 'בני ברק', 'עוזיאל 36', NULL, NULL, 'ישראל', 'נדבורנה', 'שלימות התפילה', 'c3377b12-8bc5-417b-a3d3-033aab0e523d', '3c1ffd72-3486-436c-9a79-e7408d911daa', 230257, NULL),
  ('e7e853d5-6e15-4084-99b6-90c56c05fcbc', 'יעקב ישכר בער', 'קליינר', 'אלעד', 'ברטנורא 18
', NULL, NULL, 'דניאל', 'בנין תורה אלעד', 'הבינני', 'da90f33c-350e-4b85-a51c-6fb7ee4008d8', NULL, NULL, NULL),
  ('1eb13b16-4c44-4eb0-900f-d21a938e0126', 'שלמה', 'פרידמן', 'אשדוד', 'הלל 11
', NULL, NULL, 'מאיר', 'נדבורנה', NULL, NULL, '89791420-28be-46c7-b97e-ff45b0e0a057', 231787, NULL),
  ('cc6bec81-b176-4ab5-b2a3-f4aa26fcd629', 'ישראל', 'יעקובזון', 'בני ברק', NULL, NULL, NULL, 'חיים', NULL, 'שלימות התפילה', 'a9d3f0f5-4e3b-4c4e-8929-cac0182e3460', NULL, 321062, NULL),
  ('f3013dee-c9f8-491e-a345-0e12137f0c99', 'רפאל אלעזר', 'קובלסקי', 'ביתר B', NULL, NULL, NULL, NULL, 'לעלוב', NULL, 'a38e0dff-7fa8-4637-83e0-06367db01f99', '3c1ffd72-3486-436c-9a79-e7408d911daa', NULL, NULL),
  ('b7a7a275-8fd0-472e-a409-d77f1ec2024f', 'מנחם מנדל', 'קאהן', 'ביתר B', 'סוד העבודה 7', NULL, NULL, NULL, 'רחמיסטריווקא', NULL, '3f9775b4-4c57-481a-9f45-1bd6fe6a7058', '52889dcc-827d-4b20-a9d0-982c22e4b49f', NULL, NULL),
  ('c0c1223d-2408-4c53-86a7-7040e85c343b', 'דב', 'אבלס', NULL, NULL, NULL, NULL, 'פנחס', 'נדבורנה', NULL, NULL, '89791420-28be-46c7-b97e-ff45b0e0a057', NULL, NULL),
  ('4767e2a3-8557-4812-8b95-3346fd2b85ee', 'בנימין', 'קובלסקי', 'אלעד', NULL, NULL, NULL, NULL, 'באבוב ', NULL, NULL, '89791420-28be-46c7-b97e-ff45b0e0a057', 233170, NULL),
  ('4c16ac48-48cc-4f07-ad4a-b35178d8706b', 'דוד', 'וולס', NULL, NULL, NULL, NULL, NULL, 'נדבורנה', NULL, NULL, '89791420-28be-46c7-b97e-ff45b0e0a057', NULL, NULL),
  ('54b74ebd-c77f-4cd2-b14e-66f93ce4a6bf', 'פייביש', 'שנייבעלג', 'בני ברק', 'חידושי הרים 16', NULL, NULL, 'נפתלי', 'רחמיסטריווקא', NULL, '3f9775b4-4c57-481a-9f45-1bd6fe6a7058', '52889dcc-827d-4b20-a9d0-982c22e4b49f', NULL, NULL),
  ('bcea72ae-59ae-4c7f-b6ff-84eecaf47785', 'מאיר צבי', 'פישר', 'ירושלים', NULL, NULL, NULL, NULL, 'נדבורנה', NULL, NULL, '89791420-28be-46c7-b97e-ff45b0e0a057', NULL, NULL),
  ('81b7c25d-56e1-4e0f-99b7-67425ded0a4a', 'יעקב זלמן', 'בלוי', 'אלעד', 'יוחנן בן זכאי 89', NULL, NULL, 'חיים מרדכי', 'נדבורנה', 'שלימות התפילה', 'da90f33c-350e-4b85-a51c-6fb7ee4008d8', '3c1ffd72-3486-436c-9a79-e7408d911daa', NULL, NULL),
  ('f4b92d10-cc50-4f56-9ca5-80a8f0f2809e', 'ישראל', 'פרנקל', 'ביתר עלית', NULL, NULL, NULL, NULL, 'חיי משה', NULL, '1425cc1b-1d3f-47e1-89b1-81910b3b1de5', '89791420-28be-46c7-b97e-ff45b0e0a057', NULL, NULL),
  ('475fd2c0-40ef-4b8b-bc50-642cce0a80bd', 'אברהם חיים', 'פרנקל', 'ירושלים', NULL, NULL, NULL, NULL, NULL, 'שלימות התפילה', '2d399d0a-6b28-4690-be1c-7133067fa71b', NULL, NULL, NULL),
  ('2c70725e-6d3e-4c58-97ae-6736f787fa6e', 'נפתלי', 'רוט', 'בני ברק', 'חזון איש 54 ב', NULL, NULL, 'אהרן', 'נדבורנה', 'שלימות התפילה', '8f2c76ef-a2e1-4c17-a5f8-cbdea424fc08', '3c1ffd72-3486-436c-9a79-e7408d911daa', 229483, NULL),
  ('e881fff2-abaa-4501-81ab-46b3addb0a48', 'אפרים מנחם', 'טאוב', 'בני ברק', 'חזון איש 56', NULL, NULL, 'אהרן', 'נדבורנה', 'שלימות התפילה', '8f2c76ef-a2e1-4c17-a5f8-cbdea424fc08', '3c1ffd72-3486-436c-9a79-e7408d911daa', 229462, NULL),
  ('627cf2f3-9255-497e-9b79-594b76928adf', 'שמואל צבי', 'יעקובזון', 'בני ברק', 'עוזיאל 36', NULL, NULL, 'ישראל', 'נדבורנה', 'שלימות התפילה', '317570da-ff90-405b-9166-da11db38de00', '3c1ffd72-3486-436c-9a79-e7408d911daa', 320623, NULL),
  ('633affc1-f7b3-4428-83d7-c3fda890c7c9', 'יהודה', 'קליינר', 'אלעד', 'ברטנורא 18', NULL, NULL, 'דניאל', 'בנין תורה אלעד', 'שלימות התפילה', 'da90f33c-350e-4b85-a51c-6fb7ee4008d8', '3c1ffd72-3486-436c-9a79-e7408d911daa', NULL, NULL),
  ('53c312da-87e2-46d9-8361-42705a8fd38f', 'חיים אברהם יעקב', 'דיוויס', 'בני ברק', NULL, NULL, NULL, NULL, 'נדבורנה', NULL, NULL, '89791420-28be-46c7-b97e-ff45b0e0a057', NULL, NULL),
  ('1ffdd432-0e71-44b8-8e87-cf8a5564549b', 'חיים מרדכי', 'אייזנבך', 'בית שמש', 'שדרות האמוריאים 76', NULL, NULL, 'יצחק', 'נדבורנה', NULL, '2d399d0a-6b28-4690-be1c-7133067fa71b', '3c1ffd72-3486-436c-9a79-e7408d911daa', 317576, NULL),
  ('a18dbd58-b61f-4066-9259-8a29487a0e92', 'אברהם מנחם', 'שפריי', 'בני ברק', NULL, NULL, NULL, NULL, 'נדבורנה', NULL, NULL, '89791420-28be-46c7-b97e-ff45b0e0a057', NULL, NULL),
  ('b067d000-7576-4af8-b735-355e6632bc7f', 'אברהם ישיעיהו', 'קובלסקי', 'בני ברק', 'ר'' עקיבא 78', NULL, NULL, 'חיים דוד', 'נדבורנה', 'שלימות התפילה', 'b4cd65cf-6e2e-4a5a-8e98-39a144f33742', '52889dcc-827d-4b20-a9d0-982c22e4b49f', 229437, NULL),
  ('42e74de6-02c1-446e-8b0b-a0c57dbdd175', 'מנחם מנדל', 'פיגה', 'בני ברק', 'בן יעקב 28', NULL, NULL, 'אברהם אריה', 'נדבורנה', 'שלימות התפילה', '7fe5881e-5b24-4ad7-a62d-95e023557f54', '52889dcc-827d-4b20-a9d0-982c22e4b49f', NULL, NULL),
  ('213f185a-ff0d-4b16-aadf-06e9511eb7d5', 'ירמיהו', 'משי', 'בני ברק', 'בן זכאי 14', NULL, NULL, 'דניאל', 'נדבורנה', NULL, 'b4cd65cf-6e2e-4a5a-8e98-39a144f33742', '52889dcc-827d-4b20-a9d0-982c22e4b49f', 242271, NULL),
  ('ab9f3828-f126-4948-9135-4fae1b6836cd', 'יוסף', 'צביון', 'ביתר B', 'דרכי איש 13', NULL, NULL, 'אברהם ישעיה', 'אמשינוב', 'שלימות התפילה', 'a38e0dff-7fa8-4637-83e0-06367db01f99', '3c1ffd72-3486-436c-9a79-e7408d911daa', NULL, NULL),
  ('5788e28e-5685-4bfe-9645-fca7fdd48f0c', 'אליעזר', 'אלבוים', 'ביתר B', 'חיי יצחק 11/22', NULL, NULL, 'חיים מרדכי', 'נדבורנה', 'שלימות התפילה', 'a38e0dff-7fa8-4637-83e0-06367db01f99', '3c1ffd72-3486-436c-9a79-e7408d911daa', 230258, NULL),
  ('1b42eb55-670b-4d7f-b791-64412d6767f2', 'שמואל', 'הרש', 'ביתר', NULL, NULL, NULL, NULL, 'נדבורנה', NULL, NULL, '89791420-28be-46c7-b97e-ff45b0e0a057', NULL, NULL),
  ('4788ab17-37b8-48f5-9bf7-716ee5d37062', 'אברהם יהושע העשיל', 'הופמן', 'ביתר A', 'מפעל השס 22', NULL, NULL, 'מנחם', 'נדבורנה', 'שלימות התפילה', '1bb4bf07-24f9-4cda-9a53-437cb4517a35', '3c1ffd72-3486-436c-9a79-e7408d911daa', 232712, NULL),
  ('3a5276f4-1d7e-441f-9ffa-70cb40530c5e', 'שמואל דוד', 'הורביץ', 'בני ברק', 'סוקלוב 23', NULL, NULL, 'משה פנחס', 'רחמיסטריווקא', NULL, '3f9775b4-4c57-481a-9f45-1bd6fe6a7058', '52889dcc-827d-4b20-a9d0-982c22e4b49f', 229476, NULL),
  ('ce03e0b8-c770-48d9-9f1d-0c9b45caa241', 'שלום מרדכי', 'שפריי', 'מודיעין עלית', NULL, NULL, NULL, NULL, 'נדבורנה', NULL, NULL, '89791420-28be-46c7-b97e-ff45b0e0a057', NULL, NULL),
  ('f044b3bb-314d-461d-aa4c-82dec79754e1', 'ישראל', 'גוטווין', 'ירושלים', 'אליאך 1/12', NULL, NULL, 'צבי יהודה', 'נדבורנה', NULL, '7fe5881e-5b24-4ad7-a62d-95e023557f54', '52889dcc-827d-4b20-a9d0-982c22e4b49f', NULL, NULL),
  ('d8276f00-cb4b-4d35-ae99-de9aeae50eb3', 'יצחק', 'פרידמן', 'ביתר A', 'חזון איש 12', NULL, NULL, 'מרדכי', 'נדבורנה', 'שלימות התפילה', '7fe5881e-5b24-4ad7-a62d-95e023557f54', '52889dcc-827d-4b20-a9d0-982c22e4b49f', 402540, NULL),
  ('5d979920-9fd8-44ff-803a-acf9e882a5de', 'ישראל', 'שפר', 'בני ברק', 'אהבת שלום 8', NULL, NULL, 'מרדכי', 'נדבורנה', NULL, 'c3377b12-8bc5-417b-a3d3-033aab0e523d', '3c1ffd72-3486-436c-9a79-e7408d911daa', NULL, NULL),
  ('59f59095-d337-4fec-a6cf-0116b4611fdc', 'שמואל', 'פרידמן', 'ביתר A', 'חזון איש 12', NULL, NULL, 'מרדכי', 'נדבורנה', 'שלימות התפילה', '1bb4bf07-24f9-4cda-9a53-437cb4517a35', '3c1ffd72-3486-436c-9a79-e7408d911daa', NULL, NULL),
  ('5c4a903c-221a-459d-b754-f721961eee27', 'אהרן', 'כהן', 'ביתר B', 'קדושת לוי 24/15', NULL, NULL, 'שמואל חיים', 'נדבורנה', 'שלימות התפילה', 'a38e0dff-7fa8-4637-83e0-06367db01f99', '3c1ffd72-3486-436c-9a79-e7408d911daa', 229452, NULL);
COMMIT;
